{"current":{"color_body_bg":"#ffffff","color_body_headings":"#1a1a1a","color_body_text":"#666666","color_body_links":"#1a1a1a","color_button_bg":"#1a1a1a","color_button_text":"#fff","color_sale_badge":"#dac08e","color_borders":"#eeeeee","color_nav_bg":"#ffffff","color_nav_text":"#1a1a1a","color_action_bar_bg":"#1a1a1a","color_action_bar_text":"#ffffff","color_action_bar_text_active":"#ffffff","color_drawer_bg":"#ffffff","color_drawer_text":"#1a1a1a","color_footer_bg":"#f9f9f9","color_footer_text":"#5c5c5c","type_header_family":"Google_Lato_400_sans","type_header_base_size":"25px","type_button_base_size":"16px","type_header_transform":false,"type_header_spacing":"0.05em","type_base_family":"Google_Lato_400_sans","type_base_size":"15px","logo_use_image":false,"logo_width":"180","favicon_enable":false,"home_section_0":"slideshow","home_section_1":"home-content","home_section_2":"featured-products","home_section_3":"newsletter-form","hero_text_color":"#ffffff","hero_logo_type":"text","hero_logo_max_width":"400","hero_slide_2_enable":false,"hero_slide_3_enable":false,"hero_slide_4_enable":false,"hero_overlay_color":"#000000","hero_overlay_amount":"0.50","home_page_content":"","home_featured_products":"frontpage","newsletter_form_action":"","product_image_type":"landscape","product_image_size":"medium","product_image_spacing":false,"vendor_enable":true,"collection_sort_enable":true,"collection_tags_enable":false,"pagination_type":"numbers","skip_first_product_image":false,"cart_type":"page","cart_notes_enable":false,"social_facebook_link":"","social_twitter_link":"","social_pinterest_link":"","social_instagram_link":"","social_google_plus_link":"","social_tumblr_link":"","social_youtube_link":"","social_vimeo_link":"","social_fancy_link":"","social_sharing_products":false,"social_sharing_blog":false,"share_facebook":false,"share_twitter":false,"share_pinterest":false,"share_fancy":false,"share_google":false,"checkout_use_header_image":false,"checkout_logo":"","checkout_logo_position":"left","checkout_logo_size":"medium","checkout_use_body_background_image":false,"checkout_body_background_color":"#fff","checkout_input_background_color_mode":"white","checkout_use_sidebar_background_image":false,"checkout_sidebar_background_color":"#fafafa","checkout_heading_font":"Lato","checkout_body_font":"Lato","checkout_accent_color":"#1a1a1a","checkout_button_color":"#1a1a1a","checkout_error_color":"#de2a2a","cart_vendor_enable":false,"color_drawer_inputs":"#ffffff","only_first_image_enable":false},"presets":{"Black & white":{"cart_type":"drawer","cart_notes_enable":false,"cart_vendor_enable":false,"checkout_accent_color":"#1a1a1a","checkout_body_background_color":"#fff","checkout_body_font":"Helvetica Neue","checkout_button_color":"#1a1a1a","checkout_error_color":"#de2a2a","checkout_heading_font":"Helvetica Neue","checkout_input_background_color_mode":"white","checkout_logo":"","checkout_logo_position":"left","checkout_logo_size":"medium","checkout_sidebar_background_color":"#fafafa","checkout_use_body_background_image":false,"checkout_use_header_image":false,"checkout_use_sidebar_background_image":false,"collection_sort_enable":false,"collection_tags_enable":false,"color_action_bar_bg":"#1a1a1a","color_action_bar_text":"#ffffff","color_action_bar_text_active":"#ffffff","color_body_bg":"#ffffff","color_body_headings":"#1a1a1a","color_body_links":"#1a1a1a","color_body_text":"#666666","color_borders":"#eeeeee","color_button_bg":"#1a1a1a","color_button_text":"#fff","color_drawer_bg":"#ffffff","color_drawer_inputs":"#ffffff","color_drawer_text":"#1a1a1a","color_footer_bg":"#f9f9f9","color_footer_text":"#5c5c5c","color_nav_bg":"#ffffff","color_nav_text":"#1a1a1a","color_sale_badge":"#dac08e","favicon_enable":false,"hero_logo_max_width":"400","hero_overlay_amount":"0.20","hero_overlay_color":"#000000","hero_text_color":"#ffffff","home_featured_products":"frontpage","home_page_content":"frontpage","home_section_1":"home-content","home_section_2":"featured-products","home_section_3":"newsletter-form","logo_width":"180","logo_use_image":false,"newsletter_form_action":"","only_first_image_enable":false,"product_image_size":"medium","product_image_spacing":false,"product_image_type":"portrait","share_facebook":true,"share_fancy":true,"share_google":true,"share_pinterest":true,"share_twitter":true,"social_sharing_blog":true,"social_sharing_products":true,"type_base_family":"Google_Open+Sans_400_sans","type_base_size":"15px","type_button_base_size":"16px","type_header_base_size":"25px","type_header_family":"Google_Karla_700_sans","type_header_spacing":"0.05em","type_header_transform":false,"vendor_enable":true},"Vibrant":{"cart_type":"drawer","cart_notes_enable":false,"checkout_accent_color":"#f26241","checkout_body_background_color":"#fff","checkout_body_font":"Helvetica Neue","checkout_button_color":"#1b100e","checkout_error_color":"#b01919","checkout_heading_font":"Helvetica Neue","checkout_input_background_color_mode":"white","checkout_logo":"","checkout_logo_position":"left","checkout_logo_size":"medium","checkout_sidebar_background_color":"#f4f4f4","checkout_use_body_background_image":false,"checkout_use_header_image":false,"checkout_use_sidebar_background_image":false,"collection_sort_enable":false,"collection_tags_enable":false,"color_action_bar_bg":"#1b100e","color_action_bar_text":"#fff","color_action_bar_text_active":"#f26241","color_body_bg":"#ffffff","color_body_headings":"#1b100e","color_body_links":"#f26241","color_body_text":"#1b100e","color_borders":"#eceff1","color_button_bg":"#1b100e","color_button_text":"#fff","color_drawer_bg":"#f6f6f6","color_drawer_inputs":"#ffffff","color_drawer_text":"#3e3e3e","color_footer_bg":"#f4f4f4","color_footer_text":"#4a4a4a","color_nav_bg":"#f26241","color_nav_text":"#ffffff","color_sale_badge":"#f26241","favicon_enable":false,"hero_logo_max_width":"400","hero_overlay_amount":"0.20","hero_overlay_color":"#000","hero_text_color":"#ffffff","home_featured_products":"frontpage","home_page_content":"frontpage","home_section_1":"home-content","home_section_2":"featured-products","home_section_3":"newsletter-form","logo_width":"180","logo_use_image":false,"newsletter_form_action":"","only_first_image_enable":false,"product_image_size":"large","product_image_spacing":true,"product_image_type":"landscape","share_facebook":true,"share_fancy":true,"share_google":true,"share_pinterest":true,"share_twitter":true,"social_sharing_blog":true,"social_sharing_products":true,"type_base_family":"Google_Open+Sans_400_sans","type_base_size":"16px","type_button_base_size":"16px","type_header_base_size":"24px","type_header_family":"Google_Quantico_700_sans","type_header_spacing":"0.1em","type_header_transform":true,"vendor_enable":true}}}